n_estimators,max_depth,learning_rate,num_leaves,min_child_samples,subsample,colsample_bytree,reg_alpha,reg_lambda
836,12,0.03301812511424602,23,40,0.6478981034243118,0.5740826790433841,4.743694392539753,0.4082803346708184
