ROC-AUC,Accuracy,Precision,Recall,F1-Score,Specificity,TP,TN,FP,FN
0.9601887188938557,0.9242049620598517,0.6871106851940585,0.858682634730539,0.763375033271227,0.9350830102395864,1434,9406,653,236
