,precision,recall,f1-score,support
0,0.961269714513875,0.9573516254100806,0.959306669323106,10059.0
1,0.7492694330800701,0.7676646706586826,0.7583555161194913,1670.0
accuracy,0.9303435928041607,0.9303435928041607,0.9303435928041607,0.9303435928041607
macro avg,0.8552695737969725,0.8625081480343816,0.8588310927212987,11729.0
weighted avg,0.9310846629327978,0.9303435928041607,0.930694816151477,11729.0
