Model,ROC-AUC,Accuracy,Precision,Recall,F1-Score,Specificity
Baseline_v2_after_cleaning,0.9350430662682986,0.9303435928041607,0.7492694330800701,0.7676646706586826,0.7583555161194913,0.9573516254100806
