ROC-AUC,Accuracy,Precision,Recall,F1-Score,Specificity,TP,TN,FP,FN
0.9370649991398057,0.9305141103248359,0.7504393673110721,0.767065868263473,0.7586615339058336,0.9576498657918282,1281,9633,426,389
