,precision,recall,f1-score,support
0,0.9606354281146968,0.955860423501342,0.9582419772772574,10059.0
1,0.7418604651162791,0.7640718562874251,0.752802359882006,1670.0
accuracy,0.9285531588370705,0.9285531588370705,0.9285531588370705,0.9285531588370705
macro avg,0.851247946615488,0.8599661398943836,0.8555221685796317,11729.0
weighted avg,0.9294857829439783,0.9285531588370705,0.9289910470146545,11729.0
