Metric,Value
ROC-AUC,0.9346271370173462
Accuracy,0.9285531588370705
Precision,0.7418604651162791
Recall,0.7640718562874251
F1-Score,0.752802359882006
Specificity,0.955860423501342
