ROC-AUC,Accuracy,Precision,Recall,F1-Score,Specificity,TP,TN,FP,FN
0.9342515684408099,0.9217324580100605,0.7032432432432433,0.7790419161676647,0.7392045454545455,0.945422010140173,1301,9510,549,369
