,Доход,Владение жильём,Стаж работы,Грейд кредита,Сумма кредита,Процентная ставка,% дохода на кредит,intent_default_risk,Статус кредита
Доход,1.0,0.28535684861745475,0.20146918800774305,0.0739958149344858,0.37882163025424725,-0.07563063410701226,-0.3287450197842372,-0.040545832078995245,-0.2071872920555717
Владение жильём,0.28535684861745475,1.0,0.2722229940844689,0.16983207527763455,0.09231549718470583,-0.18653483681564442,-0.1301959179569132,-0.11542426110442795,-0.24138317791473735
Стаж работы,0.20146918800774305,0.2722229940844689,1.0,0.09409178212316632,0.09268357640246562,-0.10541899310220275,-0.06663179086604673,-0.04785974674351984,-0.10225974235221733
Грейд кредита,0.0739958149344858,0.16983207527763455,0.09409178212316632,1.0,-0.11308064404165648,-0.9362683787272024,-0.15539686559650664,-0.4347592208171077,-0.38561590324456835
Сумма кредита,0.37882163025424725,0.09231549718470583,0.09268357640246562,-0.11308064404165648,1.0,0.11367798712266958,0.6486680625492249,0.01196039510284195,0.14621387685296044
Процентная ставка,-0.07563063410701226,-0.18653483681564442,-0.10541899310220275,-0.9362683787272024,0.11367798712266958,1.0,0.15494381198313428,0.3953102040298426,0.3382465375817425
% дохода на кредит,-0.3287450197842372,-0.1301959179569132,-0.06663179086604673,-0.15539686559650664,0.6486680625492249,0.15494381198313428,1.0,0.03470362514988089,0.3773193064626358
intent_default_risk,-0.040545832078995245,-0.11542426110442795,-0.04785974674351984,-0.4347592208171077,0.01196039510284195,0.3953102040298426,0.03470362514988089,1.0,0.21128326171591108
Статус кредита,-0.2071872920555717,-0.24138317791473735,-0.10225974235221733,-0.38561590324456835,0.14621387685296044,0.3382465375817425,0.3773193064626358,0.21128326171591108,1.0
