Признак,Importance_mean,Importance_std
loan_percent_income,0.05528170024400939,0.0011491211927348779
person_home_ownership,0.04359711534283052,0.0020941841335934174
loan_grade,0.04095901843792269,0.0016886931335147988
person_income,0.025065068193466822,0.0019226080145608628
loan_int_rate,0.01414772602126484,0.0016929218696407132
intent_default_risk,0.011024521193223424,0.0015147019154675794
person_emp_length,0.0034657705168249066,0.0005212362048624941
loan_amnt,0.003003488995763215,0.0005264731469047646
