Metric,Mean,Std
roc_auc,0.9586705622456251,0.0033360884790413557
accuracy,0.9234546849688806,0.00320618286066572
precision,0.6886965131382313,0.010984426921646905
recall,0.8443113772455091,0.014977243785258429
f1,0.7585127489936683,0.009651019954457394
