ROC-AUC,Accuracy,Precision,Recall,F1-Score,Specificity,TP,TN,FP,FN
0.9755766581956873,0.9332764941597749,0.7135431706612764,0.8877844311377245,0.7911841613746732,0.9408291082612585,7413,47319,2976,937
