Признак,Importance_mean,Importance_std
person_income_boxcox,0.07024908143748282,0.001275673010790398
loan_percent_income,0.05763677202707616,0.0004991104791776739
person_home_ownership,0.04652309958073706,0.0006957157767832226
loan_grade,0.027275793179522178,0.00043488440305601876
loan_intent,0.022776081359499833,0.000536222362191884
loan_int_rate,0.015251345921339466,0.00041371299430554475
loan_amnt,0.007098457424548376,0.00023638109671324107
person_emp_length,0.0069566837098245515,0.00014232440763107962
cb_person_default_on_file,0.00042125364540818167,2.0474894071302366e-05
