Признак,Признак (англ),Point-Biserial r,p-value,Значимость,Абсолютное значение
Грейд кредита,loan_grade,-0.3859082855869882,0.0,***,0.3859082855869882
Процент дохода на кредит (%),loan_percent_income,0.3782796969360499,0.0,***,0.3782796969360499
Процентная ставка (%),loan_int_rate,0.3389476721847833,0.0,***,0.3389476721847833
Доход,person_income,-0.16995618601376095,0.0,***,0.16995618601376095
Сумма кредита,loan_amnt,0.14498237026520783,6.794856302323031e-273,***,0.14498237026520783
Стаж работы (лет),person_emp_length,-0.10042827021555926,2.6819540145262065e-131,***,0.10042827021555926
Длина кредитной истории (лет),cb_person_cred_hist_length,-0.003030094545009712,0.46308536094991776,ns,0.003030094545009712
Возраст,person_age,-0.0011295481890871025,0.784442845443879,ns,0.0011295481890871025
