ROC-AUC,Accuracy,Precision,Recall,F1-Score,Specificity,TP,TN,FP,FN
0.9339726154609957,0.9285531588370705,0.7424242424242424,0.7628742514970059,0.7525103366804489,0.9560592504225072,1274,9617,442,396
