ROC-AUC,Accuracy,Precision,Recall,F1-Score,Specificity,TP,TN,FP,FN
0.9360667272672073,0.9283826413163953,0.7398843930635838,0.7664670658682635,0.7529411764705882,0.9552639427378466,1280,9609,450,390
