ROC-AUC,Accuracy,Precision,Recall,F1-Score,Specificity,TP,TN,FP,FN,Model
0.8723019811852586,0.7869383579162759,0.38254463020685747,0.8083832335329342,0.51933064050779,0.7833780693905955,1350,7880,2179,320,Baseline_0_LogisticRegression
