Class,Count,Percentage
0,50295,85.76178702361668
1,8350,14.238212976383323
