,precision,recall,f1-score,support
0,0.9622792937399679,0.9535739139079431,0.95790682578519,10059.0
1,0.7348097671777399,0.7748502994011977,0.7542990381812883,1670.0
accuracy,0.9281268650353823,0.9281268650353823,0.9281268650353823,0.9281268650353823
macro avg,0.8485445304588539,0.8642121066545704,0.8561029319832392,11729.0
weighted avg,0.929891698091667,0.9281268650353823,0.9289167153496444,11729.0
