Metric,Value
ROC-AUC,0.934002558557207
Accuracy,0.9281268650353823
Precision,0.7348097671777399
Recall,0.7748502994011977
F1-Score,0.7542990381812883
Specificity,0.9535739139079431
