Признак,Признак (англ),Категорий,Chi-Square,Cramers V,p-value,Значимость
Грейд кредита,loan_grade,7,12476.2504454974,0.46123955741996936,0.0,***
Владение жильем,person_home_ownership,4,3425.0639323497667,0.24166783193021413,0.0,***
Наличие дефолта в истории,cb_person_default_on_file,2,2048.4121413707107,0.18689306024237817,0.0,***
Цель кредита,loan_intent,6,660.2262565994615,0.10610379086537916,1.9499337690925461e-140,***
